symbol,date,open,high,low,close,volume,SMA,EMA,MACD,RSI,BBANDS Upper,BBANDS Lower,ATR,VWAP
AAPL,2024-05-28,191.51,193.0,189.1,189.99,52280051,184.4302,184.8461,,62.1548,197.924,170.9364,3.3632,
AMZN,2024-05-28,179.93,182.24,179.49,182.15,29926963,,,,,,,,
GOOGL,2024-05-28,174.45,177.27,174.365,176.4,20572157,170.8826,170.7276,,64.6056,179.4875,162.2778,3.5863,
MSFT,2024-05-28,429.63,430.82,426.6,430.32,15718024,414.6745,419.0863,,60.1202,438.6944,390.6546,7.064,
TSLA,2024-05-28,176.4,178.25,173.16,176.75,59736620,177.466,175.774,,50.7812,186.3753,168.5567,7.9397,
AAPL,2024-05-29,189.61,192.247,189.51,190.29,53068016,185.4387,185.3438,,62.4631,197.3621,173.5152,3.3317,
AMZN,2024-05-29,181.7,184.08,181.55,182.02,32009294,,,,,,,,
GOOGL,2024-05-29,175.43,176.836,174.72,175.9,23388693,171.537,171.1786,,63.7552,179.4144,163.6596,3.5126,
MSFT,2024-05-29,425.69,430.94,425.69,429.17,15517130,416.6973,419.974,,59.1608,438.0389,395.3557,6.9728,
TSLA,2024-05-29,174.19,178.15,173.93,176.19,54782649,177.1115,175.8136,,50.482,185.6226,168.6004,7.7537,
AAPL,2024-05-30,190.76,192.18,190.63,191.29,49947941,186.5484,185.8892,,63.5061,195.9672,177.1296,3.2595,
AMZN,2024-05-30,181.31,181.34,178.355,179.32,29249229,,,,,,,,
GOOGL,2024-05-30,175.2,175.22,171.79,172.11,22958677,171.9485,171.2266,,57.6955,178.8991,164.9979,3.5419,
MSFT,2024-05-30,424.3,424.3,414.24,414.67,28424847,417.7169,419.3986,,48.8213,436.3068,399.1271,7.3694,
TSLA,2024-05-30,178.575,182.67,175.38,178.79,77784755,177.0515,176.0971,,51.8678,185.4972,168.6058,7.7305,
AAPL,2024-05-31,191.44,192.57,189.91,192.25,75158277,187.5201,186.4739,,64.5028,194.7319,180.3084,3.2294,
AMZN,2024-05-31,178.3,179.21,173.87,176.44,58903939,,,,,,,,
GOOGL,2024-05-31,171.86,173.06,169.44,172.5,37638876,172.2418,171.3071,,58.1266,178.6741,165.8094,3.5454,
MSFT,2024-05-31,416.75,416.75,404.51,415.13,47995250,418.615,418.9218,,49.1182,434.5505,402.6796,7.6118,
TSLA,2024-05-31,178.5,180.32,173.82,178.08,67314602,176.955,176.286,,51.4539,185.3069,168.6031,7.669,
AAPL,2024-06-03,192.9,194.99,192.52,194.03,50080539,188.0645,187.1723,,66.2992,195.4467,180.6823,3.2048,
AMZN,2024-06-03,177.7,178.7,175.92,178.34,30786640,,,,,,,,
GOOGL,2024-06-03,172.54,174.525,171.16,173.17,27459118,172.5375,171.4435,,58.8842,178.471,166.6041,3.5359,
MSFT,2024-06-03,415.525,416.43,408.9234,413.52,17484675,418.9934,418.3373,,48.0902,433.969,404.0177,7.6059,
TSLA,2024-06-03,178.13,182.6389,174.49,176.29,68568920,176.71,176.2863,,50.3868,184.835,168.585,7.693,
AAPL,2024-06-04,194.635,195.32,193.0342,194.35,47471445,188.7081,187.8347,,66.6188,195.8435,181.5728,3.1587,
AMZN,2024-06-04,177.64,179.82,176.44,179.34,27198388,,,,,,,,
GOOGL,2024-06-04,173.28,173.845,171.89,173.79,26879596,172.8213,171.6259,,59.5964,178.3263,167.3163,3.4566,
MSFT,2024-06-04,412.43,416.44,409.675,416.07,14348917,419.1562,418.0509,,49.8405,433.8964,404.4159,7.5632,
TSLA,2024-06-04,174.775,177.755,174.0,174.77,60056340,176.2105,176.1419,,49.4697,183.4775,168.9435,7.4961,
AAPL,2024-06-05,195.4,196.9,194.87,195.87,54156785,189.3933,188.5785,,68.1304,196.4292,182.3574,3.1281,
AMZN,2024-06-05,180.1,181.5,178.75,181.28,32116394,,,,,,,,
GOOGL,2024-06-05,175.2,176.645,173.9339,175.41,22068519,173.0288,171.9448,,61.4336,178.5299,167.5277,3.4262,
MSFT,2024-06-05,417.81,424.08,416.3,424.01,16988038,419.9245,418.5466,,54.8321,433.8128,406.0362,7.5849,
TSLA,2024-06-05,175.35,176.15,172.13,175.0,57953756,176.07,176.0332,,49.6158,183.3165,168.8235,7.3223,
AAPL,2024-06-06,195.685,196.5,194.17,194.48,41181753,189.9921,189.1193,,65.2847,196.5254,183.4587,3.0881,
AMZN,2024-06-06,181.745,185.0,181.49,185.0,31371151,,,,,,,,
GOOGL,2024-06-06,175.895,177.15,175.75,176.73,23251013,173.3954,172.3588,,62.8813,178.7378,168.053,3.3417,
MSFT,2024-06-06,424.01,425.31,420.58,424.52,14861251,420.6585,419.0436,,55.134,433.7038,407.6132,7.4417,
TSLA,2024-06-06,174.6,179.73,172.73,177.94,69887024,176.231,176.2148,,51.502,183.4935,168.9685,7.3062,
AAPL,2024-06-07,194.65,196.94,194.14,196.89,53103912,190.6199,189.8379,,67.7436,197.1837,184.0562,3.0735,
AMZN,2024-06-07,184.9,186.2888,183.36,184.3,28021473,,,,,,,,
GOOGL,2024-06-07,177.05,177.87,174.3,174.46,19661399,173.6198,172.5176,,58.8804,178.664,168.5756,3.3527,
MSFT,2024-06-07,426.2,426.28,423.0,423.85,13621650,421.2704,419.4296,,54.6291,433.5449,408.996,7.2333,
TSLA,2024-06-07,176.13,179.35,175.58,177.48,56244932,176.5065,176.3353,,51.1864,183.5151,169.4979,7.1293,
AAPL,2024-06-10,196.9,197.3,192.15,193.12,97262077,191.1228,190.1293,,60.6679,196.6909,185.5548,3.177,
AMZN,2024-06-10,184.07,187.23,183.79,187.06,34494498,,,,,,,,
GOOGL,2024-06-10,174.97,177.06,172.76,175.01,23779218,173.947,172.7326,,59.7706,178.3601,169.5339,3.3997,
MSFT,2024-06-10,424.7,428.08,423.89,427.87,14003034,421.9624,420.161,,57.1098,433.9108,410.014,7.0828,
TSLA,2024-06-10,176.06,178.57,173.17,173.79,50869682,176.7725,176.0929,,48.6681,182.8877,170.6573,7.0429,
AAPL,2024-06-11,193.65,207.16,193.63,207.15,172373296,192.1652,191.7277,,72.0883,200.6153,183.715,3.7194,
AMZN,2024-06-11,187.06,187.77,184.5373,187.23,27265108,,,,,,,,
GOOGL,2024-06-11,176.22,176.84,173.7701,176.62,21540582,174.3301,173.0802,,61.6489,178.1525,170.5078,3.383,
MSFT,2024-06-11,425.475,432.82,425.25,432.68,14551101,422.9452,421.28,,59.8732,434.7707,411.1198,7.1065,
TSLA,2024-06-11,173.92,174.75,167.41,170.66,64761928,176.711,175.5755,,46.6201,183.0423,170.3797,7.0577,
AAPL,2024-06-12,207.37,220.2,206.9,213.07,198134293,193.4457,193.737,,75.2768,205.5003,181.3911,4.1976,
AMZN,2024-06-12,188.015,188.35,185.43,186.89,33984216,,,,,,,,
GOOGL,2024-06-12,178.25,180.41,176.11,177.79,27864737,174.7119,173.5061,,62.9713,178.2058,171.2179,3.4286,
MSFT,2024-06-12,435.32,443.4,433.25,441.06,22366233,424.2048,423.0891,,64.1133,437.666,410.7437,7.2862,
TSLA,2024-06-12,171.12,180.55,169.8,177.29,90389446,176.698,175.7387,,51.199,183.0235,170.3725,7.2424,
AAPL,2024-06-13,214.74,216.75,211.6,214.24,97862729,194.6703,195.6662,,75.8507,209.5246,179.8159,4.245,
AMZN,2024-06-13,186.09,187.67,182.666,183.83,39721545,,,,,,,,
GOOGL,2024-06-13,176.11,176.74,174.88,175.16,20913299,174.854,173.6412,,58.2209,178.133,171.575,3.4025,
MSFT,2024-06-13,440.85,443.39,439.37,441.58,15960565,425.1282,424.7754,,64.3593,440.3641,409.8923,7.1225,
TSLA,2024-06-13,188.39,191.08,181.23,182.47,118984122,177.122,176.3798,,54.4148,183.792,170.452,7.5697,
AAPL,2024-06-14,213.85,215.17,211.3,212.49,70122748,195.8015,197.2453,,73.1762,212.3005,179.3024,4.226,
AMZN,2024-06-14,183.08,183.72,182.23,183.66,25456410,,,,,,,,
GOOGL,2024-06-14,174.22,177.0623,174.15,176.79,18063555,174.9943,173.9184,,60.1806,178.3117,171.6768,3.3778,
MSFT,2024-06-14,438.275,443.1376,436.721,442.57,13581985,426.2053,426.3951,,64.8423,442.8844,409.5262,7.0867,
TSLA,2024-06-14,185.8,186.0,176.92,178.01,82038194,177.2805,176.5351,,51.3481,183.8763,170.6847,7.6452,
AAPL,2024-06-17,213.37,218.95,212.72,216.67,93728300,197.1399,199.0716,,75.3606,215.6474,178.6325,4.3373,
AMZN,2024-06-17,182.52,185.0,181.22,184.06,35601907,,,,,,,,
GOOGL,2024-06-17,175.46,178.36,174.81,177.24,19618497,175.0632,174.2121,,60.7161,178.4857,171.6407,3.3861,
MSFT,2024-06-17,442.585,450.94,440.72,448.37,20790030,427.6108,428.4121,,67.5538,446.3861,408.8355,7.2424,
TSLA,2024-06-17,177.92,188.81,177.0,187.44,109786083,177.7795,177.5736,,56.7705,185.7259,169.8331,7.8535,
AAPL,2024-06-18,217.59,218.63,213.0,214.29,79943254,198.3011,200.4975,,71.8536,217.9555,178.6467,4.4016,
AMZN,2024-06-18,183.735,184.29,181.43,182.81,36659157,,,,,,,,
GOOGL,2024-06-18,177.14,177.385,174.1042,175.09,21869857,174.9819,174.2733,,56.8698,178.3426,171.6213,3.3807,
MSFT,2024-06-18,449.705,450.14,444.89,446.34,17112504,428.6589,430.0439,,65.6873,448.9227,408.3951,7.1423,
TSLA,2024-06-18,186.56,187.2,182.37,184.86,68982265,178.275,178.2676,,55.005,186.6767,169.8733,7.7143,
AAPL,2024-06-20,213.93,214.24,208.85,209.68,86172451,199.1666,201.3491,,65.6269,219.1789,179.1543,4.4532,
AMZN,2024-06-20,182.91,186.51,182.72,186.1,44726779,,,,,,,,
GOOGL,2024-06-20,175.37,177.29,174.99,176.3,20160085,174.9147,174.4438,,58.4299,178.129,171.7003,3.3265,
MSFT,2024-06-20,446.3,446.53,441.27,445.7,19877378,429.4904,431.4595,,65.0905,450.9527,408.0281,7.0477,
TSLA,2024-06-20,184.68,185.21,179.66,181.57,55893139,178.0235,178.5821,,52.8008,185.6816,170.3654,7.6061,
AAPL,2024-06-21,210.39,211.89,207.11,207.49,246421353,199.9952,201.9113,,62.9011,219.9054,180.0849,4.4693,
AMZN,2024-06-21,187.8,189.275,185.86,189.08,72931754,,,,,,,,
GOOGL,2024-06-21,177.0,180.85,176.61,179.63,58582743,175.087,174.9147,,62.3726,178.8294,171.3446,3.3873,
MSFT,2024-06-21,447.38,450.58,446.51,449.78,34486172,430.4517,433.1281,,67.0966,453.5361,407.3673,6.9389,
TSLA,2024-06-21,182.3,183.95,180.69,183.01,63029482,178.1685,179.0038,,53.6564,186.0846,170.2524,7.3888,
AAPL,2024-06-24,207.72,212.7,206.59,208.14,80727006,201.0569,202.4817,,63.3763,220.263,181.8508,4.551,
AMZN,2024-06-24,189.33,191.0,185.33,185.57,50610379,,,,,,,,
GOOGL,2024-06-24,180.16,180.89,178.67,179.22,18298012,175.38,175.3018,,61.6152,179.3697,171.3903,3.3288,
MSFT,2024-06-24,449.8,452.75,446.41,447.67,15913719,431.4834,434.4372,,65.0613,455.5463,407.4205,6.9084,
TSLA,2024-06-24,184.97,188.8,182.55,182.58,61992070,178.6105,179.3444,,53.3524,186.4751,170.7459,7.3319,
AAPL,2024-06-25,209.15,211.38,208.61,209.07,56713868,202.0103,203.0863,,64.0695,220.7668,183.2538,4.4852,
AMZN,2024-06-25,186.81,188.84,185.42,186.34,45898475,,,,,,,,
GOOGL,2024-06-25,179.62,184.29,179.42,184.03,23235589,175.8414,176.1095,,66.6207,181.2314,170.4514,3.4155,
MSFT,2024-06-25,448.25,451.42,446.75,450.95,16747529,432.521,435.9335,,66.7135,457.8887,407.1533,6.7961,
TSLA,2024-06-25,184.4,187.97,182.01,187.35,63678265,179.016,180.1068,,56.247,187.7562,170.2758,7.2633,
AAPL,2024-06-26,211.5,214.86,210.64,213.25,66213186,203.172,204.031,,67.0227,221.6282,184.7158,4.5502,
AMZN,2024-06-26,186.92,194.8,186.26,193.61,65103893,,,,,,,,
GOOGL,2024-06-26,182.63,184.51,182.48,183.88,19838972,176.2249,176.8261,,66.3367,182.5969,169.8529,3.3461,
MSFT,2024-06-26,449.0,453.6,448.19,452.16,16507030,433.6111,437.4023,,67.3138,460.2186,407.0036,6.7263,
TSLA,2024-06-26,186.54,197.755,186.36,196.37,95737066,179.997,181.6557,,61.0571,191.4751,168.5189,7.4698,
AAPL,2024-06-27,214.69,215.7395,212.35,214.1,49772707,204.3611,204.9665,,67.5928,222.3464,186.3758,4.4919,
AMZN,2024-06-27,195.005,199.84,194.2,197.85,74397491,,,,,,,,
GOOGL,2024-06-27,184.18,186.05,184.02,185.41,18848884,176.7098,177.6199,,67.8099,184.1608,169.2589,3.2872,
MSFT,2024-06-27,452.175,456.17,451.77,452.85,14806324,434.793,438.7968,,67.6638,462.4501,407.1359,6.6096,
TSLA,2024-06-27,195.17,198.72,194.05,197.42,72746521,181.0585,183.1571,,61.5748,194.6619,167.4551,7.3299,
AAPL,2024-06-28,215.77,216.07,210.3,210.62,82542718,205.3265,205.4819,,62.9058,222.4045,188.2486,4.5555,
AMZN,2024-06-28,197.73,198.85,192.5,193.25,76930192,,,,,,,,
GOOGL,2024-06-28,184.32,185.13,181.96,182.15,29156644,177.221,178.028,,61.7491,184.6247,169.8172,3.2951,
MSFT,2024-06-28,453.07,455.38,446.41,446.95,28362271,436.4041,439.4976,,61.7155,462.7351,410.0731,6.7268,
TSLA,2024-06-28,199.55,203.2,195.26,197.88,95438068,182.013,184.5592,,61.8089,197.4069,166.6191,7.3604,
AAPL,2024-07-01,212.09,217.51,211.92,216.75,60402929,206.5501,206.5314,,67.1318,223.1416,189.9586,4.6718,
AMZN,2024-07-01,193.49,198.2957,192.82,197.2,41192011,,,,,,,,
GOOGL,2024-07-01,183.03,183.88,181.3,182.99,16006128,177.7546,178.4772,,62.6545,185.1353,170.3739,3.2592,
MSFT,2024-07-01,448.66,457.37,445.66,456.73,17662818,438.4804,441.0615,,66.807,464.0797,412.8811,6.9749,
TSLA,2024-07-01,201.02,213.23,200.85,209.86,135691395,183.602,186.9688,,67.2746,203.0666,164.1374,7.7598,
AAPL,2024-07-02,216.15,220.38,215.1,220.27,58046178,207.8606,207.8157,,69.2494,224.3593,191.362,4.7019,
AMZN,2024-07-02,197.28,200.43,195.93,200.0,45600013,,,,,,,,
GOOGL,2024-07-02,182.05,185.57,181.56,185.24,17372485,178.3671,179.0976,,64.9908,186.0104,170.7239,3.2964,
MSFT,2024-07-02,453.2,459.59,453.113,459.28,13979779,440.7643,442.7188,,67.9759,464.8946,416.6341,6.9495,
TSLA,2024-07-02,218.89,231.3,218.06,231.26,205047920,186.3505,191.187,,74.2137,214.4969,158.2041,8.4439,
AAPL,2024-07-03,220.0,221.55,219.03,221.55,37369801,209.2191,209.0995,,69.9895,225.4425,192.9956,4.5927,
AMZN,2024-07-03,199.94,200.029,196.7601,197.59,31597926,,,,,,,,
GOOGL,2024-07-03,184.85,186.09,184.0,185.82,10242126,178.9777,179.714,,65.5752,186.87,171.0855,3.236,
MSFT,2024-07-03,458.19,461.02,457.88,460.77,9932830,442.9954,444.3599,,68.6548,465.5032,420.4875,6.7587,
TSLA,2024-07-03,234.56,248.35,234.25,246.39,166561471,189.9315,196.4445,,77.7283,227.8136,152.0494,8.8762,
AAPL,2024-07-05,221.65,226.45,221.65,226.34,60412408,210.7408,210.7167,,72.5882,227.2922,194.1894,4.6078,
AMZN,2024-07-05,198.65,200.55,198.17,200.0,39858885,,,,,,,,
GOOGL,2024-07-05,185.855,190.86,185.8,190.6,20967450,179.7462,180.7264,,69.9295,188.8324,170.66,3.3268,
MSFT,2024-07-05,459.61,468.35,458.965,467.56,16000290,445.169,446.4903,,71.5482,468.0257,422.3123,6.8892,
TSLA,2024-07-05,249.81,252.37,242.4601,251.52,154501152,193.7575,201.6898,,78.7615,239.4799,148.0351,8.9278,
AAPL,2024-07-08,227.09,227.85,223.25,227.82,59085861,212.4059,212.3207,,73.3391,228.6871,196.1246,4.6071,
AMZN,2024-07-08,200.04,201.2,197.96,199.29,34767261,,,,,,,,
GOOGL,2024-07-08,189.895,190.17,187.78,189.03,21035886,180.3705,181.493,,66.9995,190.1132,170.6278,3.3013,
MSFT,2024-07-08,466.55,467.7,464.46,466.24,12962321,447.2513,448.2922,,70.2218,469.509,424.9935,6.7064,
TSLA,2024-07-08,247.71,259.439,244.57,252.94,157219580,197.5075,206.5707,,79.0447,249.3222,145.6928,9.2249,
AAPL,2024-07-09,227.93,229.4,226.3721,228.68,48169822,213.9936,213.8537,,73.7784,230.0157,197.9714,4.528,
AMZN,2024-07-09,199.4,200.57,199.045,199.34,32756736,,,,,,,,
GOOGL,2024-07-09,190.31,191.36,188.72,188.98,15141312,181.1054,182.1819,,66.9055,191.0389,171.1719,3.2681,
MSFT,2024-07-09,467.0,467.33,458.0,459.54,17228507,449.0326,449.2856,,63.8929,468.8402,429.225,6.8368,
TSLA,2024-07-09,251.0,265.61,250.3,262.33,160742516,201.75,211.8811,,80.8248,259.827,143.673,9.5292,
AAPL,2024-07-10,229.3,233.08,229.25,232.98,62627687,215.9843,215.6498,,75.8712,230.8818,201.0868,4.5213,
AMZN,2024-07-10,199.995,200.11,197.69,199.79,32883753,,,,,,,,
GOOGL,2024-07-10,189.15,191.75,189.03,191.18,15952454,181.9128,183.0144,,68.9243,192.2728,171.5528,3.243,
MSFT,2024-07-10,461.22,466.46,458.855,466.25,18196100,450.9482,450.8223,,67.0259,469.2581,432.6383,6.8745,
TSLA,2024-07-10,262.8,267.59,257.86,263.26,128519430,206.2235,216.7744,,80.9931,268.6193,143.8277,9.5392,
AAPL,2024-07-11,231.39,232.39,225.77,227.57,64710617,217.0041,216.7602,,68.6185,232.0694,201.9388,4.6554,
AMZN,2024-07-11,200.09,200.2699,192.86,195.05,44565041,,,,,,,,
GOOGL,2024-07-11,189.845,190.86,185.08,185.57,25625784,182.3597,183.2341,,59.2265,192.4957,172.2238,3.3854,
MSFT,2024-07-11,462.98,464.78,451.55,454.7,23111175,452.0472,451.1146,,57.9199,468.1614,435.9331,7.2645,
TSLA,2024-07-11,263.3,271.0,239.65,241.03,221707273,209.742,219.0844,,66.3407,271.6537,147.8303,10.6297,
AAPL,2024-07-12,228.92,232.64,228.68,230.54,53046527,217.8766,218.0474,,70.2613,233.8657,201.8875,4.6758,
AMZN,2024-07-12,194.8,196.47,193.8301,194.49,30598525,,,,,,,,
GOOGL,2024-07-12,185.08,187.11,184.49,185.07,22898406,182.7233,183.3852,,58.4549,192.6629,172.7836,3.347,
MSFT,2024-07-12,454.325,456.36,450.645,453.55,16324274,452.6706,451.2698,,57.1068,467.8527,437.4886,7.1865,
TSLA,2024-07-12,235.8,251.84,233.0912,248.23,155955773,213.289,221.8602,,68.2961,275.4852,151.0928,11.0357,
AAPL,2024-07-15,236.48,237.23,233.09,234.4,62631252,218.8834,219.5791,,72.2487,236.245,201.5219,4.7761,
AMZN,2024-07-15,194.56,196.19,190.83,192.72,40683227,,,,,,,,
GOOGL,2024-07-15,184.92,188.24,184.92,186.53,16474043,183.291,183.6609,,60.0545,192.665,173.9169,3.3454,
MSFT,2024-07-15,453.3,457.26,451.43,453.96,14429447,453.2885,451.4491,,57.3316,467.4592,439.1179,7.1182,
TSLA,2024-07-15,255.97,265.6,251.73,252.64,146912920,216.7975,224.7916,,69.4407,279.5579,154.0371,11.3524,
AAPL,2024-07-16,235.0,236.27,232.33,234.82,43234278,219.9987,221.005,,72.4595,238.3488,201.6485,4.7341,
AMZN,2024-07-16,195.59,196.62,192.24,193.02,33994714,,,,,,,,
GOOGL,2024-07-16,187.36,188.68,183.3736,183.92,18290722,183.647,183.662,,55.9973,192.4965,174.7975,3.4431,
MSFT,2024-07-16,454.22,454.3,446.66,449.52,17175679,453.6354,451.1892,,54.0995,466.978,440.2929,7.1436,
TSLA,2024-07-16,255.31,258.62,245.8001,256.56,126332470,220.725,227.8172,,70.4393,283.1148,158.3352,11.4258,
AAPL,2024-07-17,229.45,231.4599,226.64,228.88,57345884,220.6085,221.7299,,65.0978,239.2508,201.9661,4.9059,
AMZN,2024-07-17,191.35,191.58,185.99,187.93,48076139,,,,,,,,
GOOGL,2024-07-17,182.965,183.55,179.9,181.02,20734071,183.8358,183.3873,,51.8966,192.2612,175.4104,3.4717,
MSFT,2024-07-17,442.59,444.85,439.18,443.52,21754021,453.3933,450.3837,,50.0832,467.3296,439.4571,7.3025,
TSLA,2024-07-17,252.73,258.47,246.182,248.5,115584810,223.778,229.787,,65.7866,285.3241,162.2319,11.4689,
AAPL,2024-07-18,230.28,230.44,222.27,224.18,66034585,221.1024,221.9388,,60.019,239.5453,202.6595,5.0687,
AMZN,2024-07-18,189.59,189.68,181.448,183.75,51043626,,,,,,,,
GOOGL,2024-07-18,181.93,182.5,176.47,177.69,25315727,183.9656,182.8219,,47.6766,191.8991,176.0321,3.5992,
MSFT,2024-07-18,444.34,444.65,434.4,440.37,20794822,453.0954,449.3555,,48.1095,467.9167,438.2741,7.4489,
TSLA,2024-07-18,251.09,257.14,247.2,249.23,110869037,226.9965,231.6387,,66.0007,286.7721,167.2209,11.3924,
AAPL,2024-07-19,224.82,226.8,223.275,224.31,49151453,221.8331,222.1401,,60.1096,239.5118,204.1543,4.9913,
AMZN,2024-07-19,181.14,184.93,180.11,183.13,43081829,,,,,,,,
GOOGL,2024-07-19,178.88,180.29,177.13,177.66,18881885,184.0335,182.3076,,47.6398,191.7145,176.3525,3.577,
MSFT,2024-07-19,433.1,441.14,432.0,437.11,20940417,452.6666,448.1152,,46.129,468.8445,436.4887,7.5327,
TSLA,2024-07-19,247.79,249.44,236.83,239.2,87403903,229.878,232.3588,,60.5229,286.065,173.691,11.4533,
AAPL,2024-07-22,227.01,227.78,223.09,223.96,48201835,222.6556,222.2889,,59.726,239.0266,206.2846,4.9759,
AMZN,2024-07-22,185.0,185.06,182.48,182.55,39931923,,,,,,,,
GOOGL,2024-07-22,180.59,182.7,180.23,181.67,24100345,184.1354,182.2236,,52.7613,191.6188,176.6519,3.6498,
MSFT,2024-07-22,441.79,444.6,438.9125,442.94,15808755,452.3253,447.5473,,50.0034,469.0779,435.5726,7.5299,
TSLA,2024-07-22,244.21,253.21,243.75,251.51,101225430,233.303,234.1827,,64.3459,285.8798,180.7262,11.5812,
AAPL,2024-07-23,224.365,226.94,222.68,225.01,39960260,223.4981,222.5235,,60.5216,238.4149,208.5814,4.9399,
AMZN,2024-07-23,184.1,189.39,183.56,186.41,47537670,,,,,,,,
GOOGL,2024-07-23,182.05,183.61,181.54,181.79,36352714,184.2637,182.1591,,52.9064,191.472,177.0554,3.5707,
MSFT,2024-07-23,443.895,448.39,443.1,444.85,13107050,452.1845,447.2151,,51.2134,469.1637,435.2053,7.4254,
TSLA,2024-07-23,253.6,255.7594,245.63,246.38,111928192,236.493,235.3444,,61.7238,283.856,189.13,11.5086,
AAPL,2024-07-24,224.0,224.8,217.13,218.54,61777576,223.9711,222.1202,,53.6474,237.5361,210.4061,5.0864,
AMZN,2024-07-24,183.2,185.45,180.41,180.83,41532360,,,,,,,,
GOOGL,2024-07-24,173.6,176.19,171.82,172.63,49585203,183.6944,181.2295,,42.4335,192.57,174.8189,3.89,
MSFT,2024-07-24,440.45,441.48,427.585,428.9,26805800,451.084,445.3982,,42.2295,471.0407,431.1272,7.9158,
TSLA,2024-07-24,225.42,225.99,214.71,215.99,167942939,237.925,233.5011,,49.2174,280.775,195.075,12.5166,
AAPL,2024-07-25,218.93,220.85,214.62,217.49,51391199,224.1829,221.6555,,52.6263,237.1767,211.189,5.1433,
AMZN,2024-07-25,182.91,183.8958,176.8,179.85,44464163,,,,,,,,
GOOGL,2024-07-25,172.52,173.42,167.19,167.28,44851973,182.8656,179.8796,,37.8295,194.3285,171.4026,4.0066,
MSFT,2024-07-25,428.8,429.8,417.51,418.4,29943795,449.399,442.7561,,37.6525,474.105,424.693,8.1335,
TSLA,2024-07-25,216.8,226.0,216.231,220.25,100636466,239.119,232.2391,,50.6916,278.4577,199.7803,12.3913,
AAPL,2024-07-26,218.7,219.49,216.01,217.96,41601345,224.3756,221.2797,,53.0473,236.8551,211.8962,5.0599,
AMZN,2024-07-26,180.39,183.19,180.24,182.5,29505964,,,,,,,,
GOOGL,2024-07-26,167.15,168.09,164.06,167.0,41336886,181.9463,178.6316,,37.6048,195.3157,168.5769,4.0075,
MSFT,2024-07-26,418.2,428.915,417.27,425.27,23583839,448.0224,441.0187,,41.9832,474.9531,421.0917,8.308,
TSLA,2024-07-26,221.19,222.2799,215.33,219.8,94604145,240.238,231.0544,,50.5285,275.8668,204.6092,12.1192,
AAPL,2024-07-29,216.96,219.3,215.75,218.24,36311778,224.7562,220.9663,,53.3076,235.8975,213.6149,4.9842,
AMZN,2024-07-29,183.84,184.75,182.38,183.2,33270123,,,,,,,,
GOOGL,2024-07-29,168.83,170.43,167.99,169.53,20293822,181.3161,177.7431,,40.9423,195.7774,166.8549,3.9784,
MSFT,2024-07-29,431.58,432.15,424.7042,426.73,15125836,447.0132,439.5856,,42.8709,475.6094,418.417,8.2642,
TSLA,2024-07-29,224.9,234.27,224.7,232.1,129201789,241.949,231.154,,54.7202,272.1501,211.7479,12.2368,
AAPL,2024-07-30,219.19,220.325,216.12,218.8,41643840,224.8586,220.7361,,53.8462,235.7289,213.9883,4.945,
AMZN,2024-07-30,184.72,185.86,179.38,181.71,39508574,,,,,,,,
GOOGL,2024-07-30,170.24,171.2299,168.44,170.29,18959686,180.682,177.0115,,41.9246,195.9282,165.4359,3.9188,
MSFT,2024-07-30,427.72,429.05,417.36,422.92,32687578,445.3257,437.9268,,41.1417,475.5573,415.0941,8.4345,
TSLA,2024-07-30,232.25,232.41,220.0,222.62,100560334,242.587,230.3412,,51.2006,270.5022,214.6718,12.2454,
AAPL,2024-07-31,221.44,223.82,220.63,222.08,50036262,224.949,220.8398,,56.9107,235.686,214.212,4.9485,
AMZN,2024-07-31,185.05,187.94,184.46,186.98,41667326,,,,,,,,
GOOGL,2024-07-31,173.24,174.245,170.01,171.54,25729090,179.9979,176.4684,,43.5501,195.6321,164.3637,3.9343,
MSFT,2024-07-31,420.495,421.775,412.21,418.35,42891366,443.2829,435.9915,,39.148,475.1641,411.4016,8.5473,
TSLA,2024-07-31,227.9,234.68,226.7875,232.07,67497011,242.6275,230.5059,,54.2859,270.4792,214.7758,12.2362,
AAPL,2024-08-01,224.37,224.48,217.02,218.36,62500996,224.7897,220.5798,,52.7309,235.8291,213.7502,5.0736,
AMZN,2024-08-01,189.285,190.6,181.87,184.07,70435635,,,,,,,,
GOOGL,2024-08-01,170.25,174.05,168.88,170.76,24531392,179.2459,175.9029,,42.7639,195.1796,163.3123,3.9957,
MSFT,2024-08-01,420.785,427.46,413.0901,417.11,30296400,441.1037,434.1226,,38.6135,474.0694,408.1381,8.8372,
TSLA,2024-08-01,227.69,231.867,214.3328,216.86,83861898,241.151,229.2063,,49.0336,271.1002,211.2018,12.5112,
AAPL,2024-08-02,219.15,225.6,217.71,219.86,105568560,224.466,220.4872,,54.1599,235.7127,213.2194,5.214,
AMZN,2024-08-02,166.75,168.77,160.55,167.9,141448365,,,,,,,,
GOOGL,2024-08-02,166.44,168.51,164.67,166.66,29130102,178.0505,175.0013,,38.8802,194.0615,162.0396,4.1,
MSFT,2024-08-02,412.49,415.0,404.34,408.49,29437900,438.1555,431.6122,,35.1065,471.9631,404.3479,9.0327,
TSLA,2024-08-02,214.88,216.13,205.78,207.67,82880120,238.9585,227.1552,,46.1913,271.8282,206.0888,12.4397,
AAPL,2024-08-05,199.09,213.5,196.0,209.27,119548589,223.5396,219.396,,44.2241,236.5318,210.5474,6.1449,
AMZN,2024-08-05,154.21,162.96,151.61,161.02,83149437,,,,,,,,
GOOGL,2024-08-05,155.5,164.43,154.93,159.25,53630673,176.5635,173.4808,,33.1523,193.7916,159.3354,4.4807,
MSFT,2024-08-05,389.17,401.04,385.58,395.15,40709238,434.6073,428.0727,,30.5818,471.023,398.1916,9.7245,
TSLA,2024-08-05,185.22,203.8799,182.0,198.88,100308836,236.2555,224.4623,,43.644,272.7706,199.7404,13.1012,
AAPL,2024-08-06,205.3,209.99,201.07,207.23,69660488,222.4683,218.2147,,42.638,237.1043,207.8323,6.2832,
AMZN,2024-08-06,161.71,165.08,158.5404,161.93,59950830,,,,,,,,
GOOGL,2024-08-06,159.33,160.57,156.41,158.29,49004561,175.0311,172.0138,,32.4994,193.0914,156.9708,4.4644,
MSFT,2024-08-06,400.0,405.67,398.5,399.61,24946525,431.6161,425.2943,,33.5938,469.4184,393.8139,9.7633,
TSLA,2024-08-06,200.75,202.9,192.67,200.64,73783942,233.171,222.1935,,44.2915,270.7611,195.5809,12.9576,
AAPL,2024-08-07,206.9,213.64,206.39,209.82,63516417,221.3117,217.3922,,45.2617,236.181,206.4423,6.3311,
AMZN,2024-08-07,166.55,167.58,161.43,162.77,48408240,,,,,,,,
GOOGL,2024-08-07,161.25,162.98,158.47,158.94,25138573,173.4213,170.7484,,33.4338,191.2668,155.5757,4.4754,
MSFT,2024-08-07,408.635,410.08,397.47,398.43,20650906,428.2312,422.6683,,33.1927,465.4387,391.0237,9.9045,
TSLA,2024-08-07,200.77,203.49,191.48,191.76,71159778,229.596,219.2951,,41.7443,268.6319,190.5601,12.9102,
AAPL,2024-08-08,213.11,214.2,208.83,213.31,47161149,220.5995,216.9801,,48.5966,235.6154,205.5836,6.2827,
AMZN,2024-08-08,165.165,166.6899,162.55,165.8,44616206,,,,,,,,
GOOGL,2024-08-08,160.51,163.69,160.21,162.03,25578839,172.2458,169.8973,,37.7461,189.8973,154.5944,4.4888,
MSFT,2024-08-08,402.44,405.86,399.9407,402.69,20203030,425.6353,420.6974,,36.0925,462.5628,388.7078,9.7802,
TSLA,2024-08-08,195.7,200.7,192.04,198.84,65033874,227.4865,217.347,,44.4266,268.3404,186.6326,12.7117,
AAPL,2024-08-09,212.1,216.78,211.97,216.24,42201646,219.8853,216.886,,51.2227,234.3407,205.4299,6.2088,
AMZN,2024-08-09,166.4,168.55,165.85,166.94,36401049,,,,,,,,
GOOGL,2024-08-09,160.01,163.79,159.06,163.67,28602285,171.1773,169.2833,,39.9205,188.2316,154.123,4.5005,
MSFT,2024-08-09,404.03,408.05,402.2624,406.02,19276666,423.263,419.2308,,38.2962,458.9965,387.5296,9.58,
TSLA,2024-08-09,197.05,200.88,195.11,200.0,58648274,225.075,215.6949,,44.8644,266.437,183.713,12.3646,
AAPL,2024-08-12,216.07,219.5099,215.6,217.53,38028092,219.0552,216.9473,,52.5636,231.9674,206.1431,6.0939,
AMZN,2024-08-12,168.14,168.55,166.1101,166.8,30072788,,,,,,,,
GOOGL,2024-08-12,164.35,164.9,161.84,162.29,15895286,169.9669,168.5965,,38.7225,185.9655,153.9683,4.4283,
MSFT,2024-08-12,407.06,408.76,404.2434,406.81,16762883,420.9097,417.979,,38.823,454.6003,387.2192,9.3264,
TSLA,2024-08-12,199.02,199.26,194.67,197.49,64044903,222.3175,213.9611,,44.0736,263.3129,181.3221,12.0129,
AAPL,2024-08-13,219.01,221.89,219.01,221.27,44155331,218.3912,217.359,,55.6815,229.2504,207.5321,6.0072,
AMZN,2024-08-13,167.81,171.04,167.1,170.23,39237915,,,,,,,,
GOOGL,2024-08-13,163.41,164.73,162.97,164.16,18551690,168.9802,168.153,,41.2378,183.8717,154.0888,4.3287,
MSFT,2024-08-13,409.59,414.95,409.57,414.01,19414271,419.1374,417.5309,,43.4545,450.4337,387.841,9.2664,
TSLA,2024-08-13,198.47,208.49,197.06,207.83,76247387,219.881,213.3772,,48.045,258.1478,181.6142,11.9838,
AAPL,2024-08-14,220.57,223.03,219.7,221.72,41960574,218.0464,217.7743,,56.0474,227.9835,208.1092,5.8733,
AMZN,2024-08-14,172.11,172.28,168.86,170.1,28843804,,,,,,,,
GOOGL,2024-08-14,162.4,163.22,157.71,160.37,40591126,167.9491,167.3913,,37.9173,182.2756,153.6226,4.4344,
MSFT,2024-08-14,414.8,417.72,412.4456,416.86,18266980,417.8067,417.3964,,45.1836,447.1813,388.4322,9.0663,
TSLA,2024-08-14,207.39,208.44,198.75,201.38,70250014,217.525,212.2346,,45.9046,254.2237,180.8263,11.8691,
AAPL,2024-08-15,224.6,225.35,222.76,224.72,46414013,218.0862,218.4358,,58.4544,228.1233,208.0492,5.7611,
AMZN,2024-08-15,174.86,177.91,173.99,177.59,51698513,,,,,,,,
GOOGL,2024-08-15,160.5,161.635,159.61,161.3,31524252,167.1307,166.7905,,39.1822,181.0569,153.2045,4.3138,
MSFT,2024-08-15,419.8,421.11,417.66,421.03,20752144,416.8789,417.7424,,48.0693,444.5669,389.1909,8.8626,
TSLA,2024-08-15,205.02,215.88,204.82,214.14,89848530,215.7705,212.4161,,50.4971,249.4711,182.0699,12.0006,
AAPL,2024-08-16,223.92,226.8271,223.6501,226.05,44340240,218.1861,219.161,,59.4897,228.4947,207.8775,5.6319,
AMZN,2024-08-16,177.04,178.34,176.2601,177.06,31489175,,,,,,,,
GOOGL,2024-08-16,161.47,165.06,161.13,162.96,24208647,166.3967,166.4048,,41.4246,179.605,153.1885,4.2943,
MSFT,2024-08-16,420.6,421.34,417.3,418.47,22775593,415.9858,417.8117,,46.7198,442.2203,389.7512,8.6214,
TSLA,2024-08-16,211.15,219.8,210.8,216.12,88765122,214.6165,212.7688,,51.1742,246.5639,182.6691,11.8506,
AAPL,2024-08-19,225.72,225.99,223.04,225.89,40687813,218.2955,219.8019,,59.3026,228.8786,207.7123,5.5008,
AMZN,2024-08-19,177.64,178.3,176.16,178.22,31129807,,,,,,,,
GOOGL,2024-08-19,165.28,166.69,164.26,166.67,22416185,165.6477,166.4088,,46.0999,176.9188,154.3766,4.2658,
MSFT,2024-08-19,418.96,421.75,416.46,421.53,15233957,414.9546,418.1659,,48.5377,438.475,391.4343,8.4549,
TSLA,2024-08-19,217.07,222.98,214.09,222.72,76435222,213.177,213.7165,,53.4101,240.6225,185.7315,11.7026,
AAPL,2024-08-20,225.77,227.17,225.45,226.51,30299033,218.3834,220.4407,,59.8182,229.2061,207.5607,5.3118,
AMZN,2024-08-20,177.92,179.01,177.4308,178.88,26255204,,,,,,,,
GOOGL,2024-08-20,166.9,168.64,166.82,167.18,18341533,164.9182,166.4608,,46.7153,173.5612,156.2752,4.1509,
MSFT,2024-08-20,421.7,425.86,421.64,424.8,16387581,413.9917,418.7977,,50.4397,433.9785,394.0049,8.2486,
TSLA,2024-08-20,224.88,228.22,219.56,221.1,74001182,211.913,214.4197,,52.7855,235.1279,188.6981,11.5504,
AAPL,2024-08-21,226.52,227.98,225.05,226.4,34765480,218.7889,221.0083,,59.677,230.161,207.4168,5.1927,
AMZN,2024-08-21,179.92,182.385,178.8937,180.11,35599120,,,,,,,,
GOOGL,2024-08-21,165.15,166.85,164.67,165.85,22901997,164.5797,166.3815,,45.2956,172.5266,156.6327,4.0687,
MSFT,2024-08-21,424.075,426.4,421.72,424.14,16067298,413.7918,419.3065,,50.0467,433.2826,394.3011,8.0702,
TSLA,2024-08-21,222.67,224.6594,218.86,223.27,70145964,212.277,215.2626,,53.5514,235.9598,188.5942,11.2629,
AAPL,2024-08-22,227.79,228.34,223.9,224.53,43695321,219.1534,221.3437,,57.2585,230.7683,207.5385,5.1551,
AMZN,2024-08-22,181.38,181.47,175.68,176.13,32047482,,,,,,,,
GOOGL,2024-08-22,167.26,167.59,163.31,163.8,22493275,164.4059,166.1147,,43.1671,172.2803,156.5314,4.079,
MSFT,2024-08-22,424.36,426.7899,414.61,415.55,19361901,413.6865,418.9487,,45.2199,433.1153,394.2578,8.2757,
TSLA,2024-08-22,223.82,224.8,210.32,210.66,79514482,211.7975,214.8243,,48.7177,235.2019,188.3931,11.4237,
AAPL,2024-08-23,225.6589,228.22,224.33,226.84,38677250,219.6099,221.8671,,59.3981,231.6711,207.5487,5.0918,
AMZN,2024-08-23,177.34,178.9699,175.24,177.04,29150091,,,,,,,,
GOOGL,2024-08-23,164.72,166.18,163.83,165.62,13955741,164.337,166.0464,,45.5579,172.1512,156.5228,3.9939,
MSFT,2024-08-23,416.98,419.26,412.09,416.79,18493784,413.3003,418.7431,,46.0111,432.1513,394.4493,8.2204,
TSLA,2024-08-23,214.455,221.48,214.21,220.32,81525207,211.8235,215.3477,,52.1971,235.2645,188.3825,11.3935,
AAPL,2024-08-26,226.76,227.28,223.8905,227.18,30602208,220.0694,222.3731,,59.7105,232.5419,207.5969,5.0067,
AMZN,2024-08-26,176.7,177.4682,174.3,175.5,22366236,,,,,,,,
GOOGL,2024-08-26,166.38,167.55,164.455,166.16,14190417,164.1687,166.0359,,46.2639,171.6873,156.6501,3.9487,
MSFT,2024-08-26,416.365,417.2799,411.34,413.49,13152830,412.6763,418.2428,,44.2218,430.6122,394.7403,8.1064,
TSLA,2024-08-26,218.75,219.09,211.01,213.21,59301187,210.879,215.1441,,49.5903,232.4213,189.3367,11.2894,
AAPL,2024-08-27,225.995,228.85,224.89,228.03,35934559,220.5435,222.9119,,60.5103,233.4616,207.6254,4.9544,
AMZN,2024-08-27,174.15,174.89,172.25,173.12,29841979,,,,,,,,
GOOGL,2024-08-27,165.835,166.4426,164.46,164.68,11821941,163.8886,165.8857,,44.5955,170.9091,156.8681,3.8503,
MSFT,2024-08-27,412.86,414.36,410.25,413.84,13492911,412.2599,417.8235,,44.463,429.6742,394.8456,7.9066,
TSLA,2024-08-27,213.25,215.66,206.94,209.21,62821390,210.2085,214.5789,,48.1658,231.0713,189.3457,11.1609,
AAPL,2024-08-28,227.92,229.86,225.68,226.49,38052167,220.7767,223.2526,,58.3031,233.945,207.6085,4.9156,
AMZN,2024-08-28,173.69,173.69,168.92,170.8,29045025,,,,,,,,
GOOGL,2024-08-28,165.035,165.6,161.5284,162.85,16407444,163.4547,165.5758,,42.5961,169.6058,157.3035,3.8611,
MSFT,2024-08-28,414.88,415.0,407.31,410.6,14882660,411.9096,417.1356,,42.6658,429.1607,394.6584,7.8957,
TSLA,2024-08-28,209.72,211.84,202.59,205.75,64116350,208.8925,213.7381,,46.9382,227.2424,190.5426,11.0654,
AAPL,2024-08-29,230.1,232.92,228.88,229.79,51906297,221.3608,223.8753,,61.4731,235.0305,207.691,4.9914,
AMZN,2024-08-29,173.22,174.29,170.81,172.12,26407815,,,,,,,,
GOOGL,2024-08-29,164.31,165.97,160.25,161.78,19699767,163.0063,165.1936,,41.4523,168.2726,157.74,3.9536,
MSFT,2024-08-29,414.94,422.05,410.6,413.12,17045241,411.7472,416.7531,,44.5023,428.8881,394.6062,8.0734,
TSLA,2024-08-29,209.8,214.89,205.97,206.28,62308818,208.3635,213.0278,,47.1554,226.371,190.356,10.9691,
AAPL,2024-08-30,230.19,230.4,227.48,229.0,52990770,221.8304,224.3633,,60.3175,235.8674,207.7934,4.8878,
AMZN,2024-08-30,172.78,178.9,172.6,178.5,43429355,,,,,,,,
GOOGL,2024-08-30,162.615,163.66,161.6925,163.38,22123811,162.8425,165.0,,43.8266,167.8703,157.8147,3.8542,
MSFT,2024-08-30,415.6,417.49,412.13,417.14,24308324,412.216,416.79,,47.3351,429.4083,395.0236,7.9378,
TSLA,2024-08-30,208.63,214.5701,207.03,214.11,63370608,208.6855,213.1309,,50.3176,226.8614,190.5096,10.8351,
AAPL,2024-09-03,228.55,229.0,221.17,222.77,50190574,222.5174,224.2116,,52.176,235.2671,209.7677,5.0349,
AMZN,2024-09-03,177.55,178.26,175.26,176.25,37817511,,,,,,,,
GOOGL,2024-09-03,161.72,161.85,156.48,157.36,38945301,162.7481,164.2522,,37.7616,168.1174,157.3788,4.006,
MSFT,2024-09-03,417.91,419.88,407.03,409.44,20313603,412.9656,416.09,,42.9182,428.1881,397.7431,8.1834,
TSLA,2024-09-03,215.26,219.9043,209.64,210.6,76714222,209.2715,212.8898,,48.9358,226.8923,191.6507,10.8066,
AAPL,2024-09-04,221.66,221.78,217.48,220.85,43262758,223.2103,223.8914,,49.9871,233.8397,212.5809,5.0477,
AMZN,2024-09-04,174.48,175.98,172.54,173.33,29682478,,,,,,,,
GOOGL,2024-09-04,156.655,159.0,155.9616,156.45,19197458,162.6562,163.4891,,36.948,168.3924,156.92,3.9574,
MSFT,2024-09-04,405.91,411.24,404.37,408.9,14886710,413.4656,415.4052,,42.6245,427.4105,399.5208,8.1177,
TSLA,2024-09-04,210.59,222.22,210.57,219.41,80217329,210.21,213.5108,,52.3902,227.8913,192.5287,10.8488,
AAPL,2024-09-05,221.625,225.48,221.52,222.38,36615398,223.8503,223.7475,,51.6872,232.4713,215.2294,5.0268,
AMZN,2024-09-05,175.0,179.875,174.995,177.89,40170526,,,,,,,,
GOOGL,2024-09-05,156.3,159.45,155.9805,157.24,18688747,162.5714,162.8739,,38.1655,168.5814,156.5613,3.9328,
MSFT,2024-09-05,407.62,413.1,406.13,408.39,14195516,413.9991,414.7371,,42.3366,426.2015,401.7967,8.0603,
TSLA,2024-09-05,223.49,235.0,222.25,230.17,119355013,212.1305,215.0974,,56.1995,229.7224,194.5386,11.0858,
AAPL,2024-09-06,223.95,225.24,219.77,220.82,48423011,224.2381,223.4687,,49.8679,231.4694,217.0068,5.0489,
AMZN,2024-09-06,177.24,178.38,171.16,171.39,41466537,,,,,,,,
GOOGL,2024-09-06,157.3,157.83,150.55,150.92,37912130,162.0166,161.7161,,32.8277,169.9462,154.0871,4.0997,
MSFT,2024-09-06,409.06,410.65,400.8,401.7,19609526,413.9854,413.4955,,38.7245,426.2422,401.7285,8.1498,
TSLA,2024-09-06,232.6,233.6,210.51,210.73,112177004,212.725,214.6814,,48.7774,229.2515,196.1985,11.686,
AAPL,2024-09-09,220.82,221.27,216.71,220.91,67179965,224.484,223.225,,49.9748,230.8609,218.1071,5.0245,
AMZN,2024-09-09,174.53,175.85,173.51,175.4,29037362,,,,,,,,
GOOGL,2024-09-09,152.51,153.4,147.215,148.71,39260451,161.2796,160.4774,,31.3595,171.0626,151.4966,4.2039,
MSFT,2024-09-09,407.24,408.65,402.15,405.72,15295134,414.0065,412.7549,,41.862,426.2047,401.8082,8.0898,
TSLA,2024-09-09,216.2,219.87,213.67,216.27,67443518,213.5385,214.8327,,50.7294,229.05,198.027,11.5587,
AAPL,2024-09-10,218.92,221.48,216.73,220.11,51591033,224.613,222.9283,,48.9969,230.5082,218.7178,5.0108,
AMZN,2024-09-10,177.49,180.5,176.79,179.55,36233796,,,,,,,,
GOOGL,2024-09-10,150.45,151.27,148.34,148.66,31118765,160.609,159.352,,31.3227,171.8176,149.4004,4.1402,
MSFT,2024-09-10,408.2,416.33,407.7,414.2,19594287,414.4121,412.8926,,47.7972,426.057,402.7673,8.2158,
TSLA,2024-09-10,220.07,226.4,218.6377,226.17,78891136,214.9725,215.9125,,54.025,229.5595,200.3855,11.4873,
AAPL,2024-09-11,221.455,223.09,217.89,222.66,44587072,224.6825,222.9028,,52.1392,230.4498,218.9152,5.0202,
AMZN,2024-09-11,180.095,184.99,175.73,184.52,42564698,,,,,,,,
GOOGL,2024-09-11,149.92,151.5,147.52,151.16,29607693,159.97,158.5718,,35.3109,171.7869,148.1531,4.1322,
MSFT,2024-09-11,415.5,423.99,409.58,423.04,19266923,414.9004,413.859,,53.056,427.1184,402.6825,8.5255,
TSLA,2024-09-11,224.55,228.47,216.8003,228.13,83548633,215.9875,217.076,,54.657,231.2545,200.7205,11.4964,
AAPL,2024-09-12,222.5,223.55,219.82,222.77,37498225,224.735,222.8901,,52.2727,230.4119,219.0581,4.9557,
AMZN,2024-09-12,184.8,187.41,183.54,187.0,33622483,,,,,,,,
GOOGL,2024-09-12,153.8,154.82,152.65,154.69,29695048,159.6968,158.2021,,40.4507,171.7346,147.659,4.1086,
MSFT,2024-09-12,423.31,427.3692,419.75,427.0,17418759,415.4445,415.1105,,55.1848,428.7515,402.1375,8.4802,
TSLA,2024-09-12,224.66,231.45,223.83,229.81,72020042,217.409,218.2888,,55.2126,232.2594,202.5586,11.3026,
AAPL,2024-09-13,223.58,224.04,221.91,222.5,36766619,224.624,222.853,,51.8987,230.3839,218.8641,4.8144,
AMZN,2024-09-13,187.0,188.5,185.91,186.49,26495351,,,,,,,,
GOOGL,2024-09-13,155.43,158.38,155.21,157.46,29591152,159.5156,158.1314,,44.1181,171.5736,147.4577,4.0877,
MSFT,2024-09-13,425.825,431.83,425.46,430.59,15874555,415.9225,416.5848,,57.0438,430.6126,401.2324,8.3747,
TSLA,2024-09-13,228.0,232.67,226.32,230.29,59515114,218.2165,219.4318,,55.377,233.9954,202.4376,11.055,
AAPL,2024-09-16,216.54,217.22,213.92,216.32,59357427,224.1375,222.2308,,44.2661,230.8913,217.3837,5.0027,
AMZN,2024-09-16,185.29,185.81,183.36,184.89,26065485,,,,,,,,
GOOGL,2024-09-16,157.31,158.25,156.6,158.06,18379775,159.2816,158.1246,,44.892,171.2614,147.3017,3.9658,
MSFT,2024-09-16,430.6,433.53,428.22,431.34,13834697,416.566,417.99,,57.4321,432.7025,400.4295,8.2215,
TSLA,2024-09-16,229.3,229.96,223.53,226.78,54322995,218.7495,220.1316,,53.8551,234.9243,202.5747,10.8402,
AAPL,2024-09-17,215.75,216.9,214.5,216.79,45519339,223.6825,221.7126,,44.9146,231.0966,216.2684,4.8726,
AMZN,2024-09-17,186.85,189.45,186.14,186.88,26091682,,,,,,,,
GOOGL,2024-09-17,159.02,160.55,158.375,159.32,20715612,158.9253,158.2384,,46.5288,170.4467,147.4038,3.892,
MSFT,2024-09-17,440.23,441.85,432.27,435.15,18874231,417.247,419.6243,,59.3948,435.2102,399.2838,8.3359,
TSLA,2024-09-17,229.45,234.57,226.5533,227.87,66761636,219.007,220.8686,,54.2659,235.5854,202.4286,10.699,
AAPL,2024-09-18,217.55,222.71,217.54,220.69,59894928,223.3915,221.6152,,49.9969,230.7957,215.9873,4.9249,
AMZN,2024-09-18,186.45,188.8,185.06,186.43,34448130,,,,,,,,
GOOGL,2024-09-18,159.86,160.5,158.595,159.81,23677315,158.568,158.3881,,47.1711,169.4993,147.6367,3.7927,
MSFT,2024-09-18,435.0,436.03,430.41,430.81,18898042,417.5475,420.6896,,56.2831,436.1941,398.9009,8.2001,
TSLA,2024-09-18,230.09,235.68,226.88,227.2,78010204,219.312,221.4716,,53.9551,236.2537,202.3703,10.6041,
AAPL,2024-09-19,224.99,229.82,224.63,228.87,66781315,223.515,222.3062,,58.4587,231.1931,215.8369,5.1352,
AMZN,2024-09-19,190.04,190.99,188.47,189.87,39543168,,,,,,,,
GOOGL,2024-09-19,163.71,163.79,161.34,162.14,26587733,158.3936,158.7454,,50.1674,168.9746,147.8127,3.802,
MSFT,2024-09-19,441.225,441.5,436.9,438.69,21706559,418.275,422.4039,,60.262,438.9217,397.6283,8.3246,
TSLA,2024-09-19,234.0,244.24,232.13,243.92,102694576,220.3445,223.6095,,59.9772,240.3628,200.3262,10.9259,
AAPL,2024-09-20,229.97,233.09,227.62,228.2,318679888,223.6985,222.8675,,57.6181,231.6359,215.7611,5.1519,
AMZN,2024-09-20,190.23,191.84,187.41,191.6,100378553,,,,,,,,
GOOGL,2024-09-20,163.5,163.73,162.06,163.59,40896438,158.3941,159.2068,,51.9525,168.9761,147.8122,3.6954,
MSFT,2024-09-20,437.22,439.24,434.22,435.27,55167106,419.261,423.6293,,57.8563,441.1397,397.3823,8.1594,
TSLA,2024-09-20,241.52,243.99,235.92,238.25,99879070,221.724,225.0039,,57.302,242.664,200.784,10.7831,
AAPL,2024-09-23,227.34,229.45,225.81,226.47,54146023,223.68,223.2106,,55.4507,231.5898,215.7702,5.0763,
AMZN,2024-09-23,191.64,194.45,190.57,193.88,36993111,,,,,,,,
GOOGL,2024-09-23,164.35,165.49,161.67,161.85,24150852,158.2167,159.4586,,49.7035,168.4359,147.9976,3.7017,
MSFT,2024-09-23,434.28,436.46,430.3889,433.51,15128891,420.097,424.5703,,56.6316,442.7966,397.3974,8.055,
TSLA,2024-09-23,242.61,250.0,241.92,250.0,86927194,223.208,227.3844,,61.088,247.4812,198.9348,10.8314,
AAPL,2024-09-24,228.645,229.35,225.73,227.37,43556068,223.6895,223.6067,,56.3499,231.6165,215.7625,5.0035,
AMZN,2024-09-24,194.27,195.37,190.13,193.96,43478926,,,,,,,,
GOOGL,2024-09-24,163.03,163.2158,160.69,162.29,23332147,158.0344,159.7282,,50.2765,167.8168,148.252,3.6429,
MSFT,2024-09-24,433.0,433.35,426.1,429.17,17015754,420.881,425.0084,,53.6821,443.6964,398.0656,8.0227,
TSLA,2024-09-24,254.08,257.19,249.0501,254.27,88490999,225.261,229.945,,62.3646,252.5613,197.9607,10.6969,
AAPL,2024-09-25,224.93,227.29,224.02,226.37,42308715,223.6065,223.8699,,55.0503,231.3833,215.8297,4.9208,
AMZN,2024-09-25,193.75,193.9498,192.16,192.53,26391144,,,,,,,,
GOOGL,2024-09-25,161.47,162.81,161.3,161.49,18869199,157.886,159.896,,49.2037,167.3591,148.4128,3.5362,
MSFT,2024-09-25,429.83,433.119,428.57,432.11,13396364,421.7945,425.6847,,55.3407,444.8707,398.7183,7.849,
TSLA,2024-09-25,252.54,257.05,252.28,257.02,65034318,227.6515,232.5235,,63.1834,257.1921,198.1109,10.4005,
AAPL,2024-09-26,227.3,228.5,225.41,227.52,36636707,223.658,224.2175,,56.2711,231.5236,215.7924,4.8293,
AMZN,2024-09-26,194.31,194.53,189.54,191.16,36334854,,,,,,,,
GOOGL,2024-09-26,163.64,164.08,162.28,162.73,20319336,157.8909,160.1659,,50.9126,167.3741,148.4077,3.4889,
MSFT,2024-09-26,435.085,435.3,429.13,431.31,14492044,422.83,426.2204,,54.7788,445.6613,399.9987,7.7651,
TSLA,2024-09-26,260.6,261.75,251.53,254.22,67142193,230.075,234.5899,,61.7437,259.9815,200.1685,10.3915,
AAPL,2024-09-27,228.46,229.52,227.3,227.79,34025967,223.558,224.5577,,56.5627,231.1555,215.9605,4.6988,
AMZN,2024-09-27,190.68,190.9,187.34,187.97,36002316,,,,,,,,
GOOGL,2024-09-27,162.81,165.7,162.6261,163.95,21101307,158.0103,160.5263,,52.5653,167.7324,148.2881,3.4682,
MSFT,2024-09-27,431.52,431.85,427.47,428.02,14896131,423.575,426.3918,,52.4727,446.06,401.09,7.5958,
TSLA,2024-09-27,257.375,260.6999,254.12,260.46,70988067,232.784,237.0537,,63.6848,263.3855,202.1825,10.2009,
AAPL,2024-09-30,230.04,233.0,229.65,233.0,54793391,223.758,225.3618,,61.7435,232.0928,215.4232,4.7244,
AMZN,2024-09-30,187.14,188.49,184.65,186.33,41680400,,,,,,,,
GOOGL,2024-09-30,163.32,166.15,163.26,165.85,20481303,158.1447,161.0333,,55.0466,168.2162,148.0733,3.4393,
MSFT,2024-09-30,428.21,430.42,425.37,430.3,16854606,424.233,426.764,,53.8888,446.6965,401.7695,7.4685,
TSLA,2024-09-30,259.04,264.86,255.77,261.63,80873381,235.16,239.3943,,64.0449,266.9491,203.3709,10.1454,
AAPL,2024-10-01,229.52,229.65,223.74,226.21,63285048,223.93,225.4426,,53.0614,232.318,215.542,4.9512,
AMZN,2024-10-01,184.9,186.19,183.4519,185.13,36044906,,,,,,,,
GOOGL,2024-10-01,167.685,169.16,164.58,166.99,28338123,158.6368,161.6006,,56.4842,169.4032,147.8704,3.4963,
MSFT,2024-10-01,428.45,428.48,418.81,420.69,19092945,424.7955,426.1856,,47.5966,446.2917,403.2993,7.6696,
TSLA,2024-10-01,262.67,263.98,248.53,258.02,87397613,237.531,241.1682,,62.0468,268.7069,206.3551,10.4106,
AAPL,2024-10-02,225.89,227.37,223.02,226.78,32880605,224.2265,225.5699,,53.6375,232.5772,215.8758,4.9211,
AMZN,2024-10-02,184.44,186.6,184.04,184.76,23704056,,,,,,,,
GOOGL,2024-10-02,166.42,167.52,164.73,165.86,17760179,159.1178,162.0063,,54.6603,170.2657,147.9699,3.461,
MSFT,2024-10-02,422.58,422.82,416.71,417.13,16582257,425.207,425.3231,,45.5239,445.7649,404.6491,7.5916,
TSLA,2024-10-02,247.55,251.1585,241.5,249.02,93983930,239.0115,241.916,,57.3511,269.4071,208.6159,10.7161,
AAPL,2024-10-03,225.14,226.805,223.32,225.67,34044158,224.391,225.5795,,52.3212,232.7193,216.0627,4.8493,
AMZN,2024-10-03,183.045,183.44,180.875,181.96,30204302,,,,,,,,
GOOGL,2024-10-03,164.41,166.64,163.923,165.86,15073101,159.5594,162.3733,,54.6603,171.0361,148.0827,3.4238,
MSFT,2024-10-03,417.63,419.55,414.29,416.54,13686421,425.6145,424.4866,,45.1806,445.119,406.11,7.475,
TSLA,2024-10-03,244.48,249.79,237.81,240.66,80729240,239.536,241.7964,,53.3996,269.6641,209.4079,10.7793,
AAPL,2024-10-04,227.9,228.0,224.13,226.8,37345098,224.69,225.6957,,53.5429,232.9127,216.4673,4.8003,
AMZN,2024-10-04,185.75,187.6,183.6,186.51,41079011,,,,,,,,
GOOGL,2024-10-04,168.06,168.23,165.48,167.06,19093724,160.3765,162.8197,,56.3199,171.5416,149.2114,3.3901,
MSFT,2024-10-04,418.24,419.75,414.97,416.06,19190913,426.3325,423.6841,,44.8908,443.1325,409.5325,7.3403,
TSLA,2024-10-04,246.69,250.96,244.58,250.08,86726285,241.5035,242.5853,,56.9202,268.8621,214.1449,10.7553,
AAPL,2024-10-07,224.5,225.69,221.33,221.69,39505354,224.729,225.3142,,47.7221,232.8868,216.5712,4.8338,
AMZN,2024-10-07,182.95,183.6,180.25,180.8,42364201,,,,,,,,
GOOGL,2024-10-07,167.72,168.48,162.75,162.98,22463140,161.09,162.8349,,49.7963,170.9265,151.2535,3.5071,
MSFT,2024-10-07,416.0,417.11,409.0,409.54,20919761,426.5235,422.337,,41.1189,442.4457,410.6013,7.3788,
TSLA,2024-10-07,249.0,249.83,240.7,240.83,68113270,242.7315,242.4181,,52.7973,267.5349,217.9281,10.6865,
AAPL,2024-10-08,224.3,225.98,223.25,225.77,31855693,225.012,225.3576,,52.0988,232.8974,217.1266,4.8066,
AMZN,2024-10-08,181.915,183.09,180.92,182.72,26372086,,,,,,,,
GOOGL,2024-10-08,163.94,164.725,162.87,164.38,23072733,161.876,162.9821,,51.8124,169.9723,153.7797,3.4245,
MSFT,2024-10-08,410.9,415.66,408.17,414.71,19229261,426.549,421.6107,,44.9778,442.3936,410.7044,7.3843,
TSLA,2024-10-08,243.56,246.21,240.56,244.5,56303160,243.648,242.6164,,54.1833,267.2619,220.0341,10.4347,
AAPL,2024-10-09,225.23,229.75,224.83,229.54,33591091,225.356,225.7559,,55.7056,233.3996,217.3124,4.8123,
AMZN,2024-10-09,182.82,185.845,182.05,185.17,26343117,,,,,,,,
GOOGL,2024-10-09,163.45,164.84,159.74,161.86,31181774,162.411,162.8752,,48.1488,168.8483,155.9737,3.5083,
MSFT,2024-10-09,415.86,420.38,414.3,417.46,14974257,426.27,421.2154,,46.9253,442.5427,409.9973,7.3191,
TSLA,2024-10-09,243.82,247.43,239.51,241.05,66289529,244.294,242.4672,,52.6534,266.858,221.73,10.309,
AAPL,2024-10-10,227.78,229.5,227.17,229.04,28183544,225.6695,226.0687,,55.1261,233.774,217.565,4.6902,
AMZN,2024-10-10,187.13,188.134,185.83,186.65,27785043,,,,,,,,
GOOGL,2024-10-10,160.87,163.07,160.395,162.08,14144068,162.7805,162.7995,,48.4835,168.1648,157.3962,3.4666,
MSFT,2024-10-10,415.225,417.35,413.15,415.84,13848376,425.712,420.7034,,45.9175,442.6,408.824,7.1687,
TSLA,2024-10-10,241.81,242.7899,232.34,238.77,83087063,244.742,242.1151,,51.6391,266.4786,223.0054,10.316,
AAPL,2024-10-11,229.3,229.41,227.34,227.55,31759188,225.922,226.2098,,53.3841,233.9299,217.9141,4.5592,
AMZN,2024-10-11,186.63,189.9284,186.3,188.82,25751557,,,,,,,,
GOOGL,2024-10-11,162.13,163.9,161.235,163.24,15344251,163.0695,162.8414,,50.2656,167.8693,158.2697,3.4265,
MSFT,2024-10-11,416.135,417.13,413.25,416.32,14144944,424.9985,420.286,,46.2773,442.2046,407.7924,7.0042,
TSLA,2024-10-11,220.13,223.34,214.38,217.8,142628874,244.1175,239.7994,,43.5224,268.0825,220.1525,11.0197,
AAPL,2024-10-14,228.7,231.73,228.6,231.3,39882085,226.671,226.6946,,56.9852,233.6872,219.6548,4.5402,
AMZN,2024-10-14,189.78,189.83,187.36,187.54,22614407,,,,,,,,
GOOGL,2024-10-14,163.64,166.226,163.4,164.96,19016141,163.4145,163.0432,,52.8133,167.6874,159.1416,3.4045,
MSFT,2024-10-14,417.77,424.04,417.52,419.14,16653086,424.3885,420.1768,,48.4006,441.517,407.26,7.04,
TSLA,2024-10-14,220.13,221.91,213.74,219.16,86291923,243.7365,237.8337,,44.122,268.9991,218.4739,10.8772,
AAPL,2024-10-15,233.61,237.49,232.37,233.85,64751367,227.524,227.376,,59.2391,233.6148,221.4332,4.6227,
AMZN,2024-10-15,187.63,188.41,184.58,187.69,32178925,,,,,,,,
GOOGL,2024-10-15,165.785,167.68,164.625,165.46,20247195,163.7215,163.2734,,53.5415,167.6412,159.8018,3.387,
MSFT,2024-10-15,422.18,422.48,415.26,418.74,18900201,423.568,420.04,,48.1167,440.1182,407.0178,7.049,
TSLA,2024-10-15,220.01,224.26,217.12,219.57,62988787,243.3215,236.0943,,44.3096,269.8538,216.7892,10.6904,
AAPL,2024-10-16,231.6,232.12,229.84,231.78,34082240,228.0785,227.7955,,56.7004,233.5694,222.5876,4.5921,
AMZN,2024-10-16,187.05,187.78,185.61,186.89,23456812,,,,,,,,
GOOGL,2024-10-16,164.53,165.8,163.74,165.16,16406030,163.989,163.453,,53.0247,167.5149,160.4631,3.3207,
MSFT,2024-10-16,415.17,416.36,410.48,416.12,15508932,422.8335,419.6666,,46.2461,439.3368,406.3302,7.1096,
TSLA,2024-10-16,221.4,222.8199,218.93,221.33,49632824,243.028,234.6882,,45.1419,270.3842,215.6718,10.3503,
AAPL,2024-10-17,233.43,233.85,230.52,232.15,32993810,228.2425,228.2102,,57.0468,234.0073,222.4777,4.529,
AMZN,2024-10-17,188.22,188.94,186.0,187.53,25039414,,,,,,,,
GOOGL,2024-10-17,165.73,166.37,162.76,162.93,21453395,164.0285,163.4032,,49.3009,167.4877,160.5693,3.3351,
MSFT,2024-10-17,422.36,422.5,415.59,416.72,14820004,421.735,419.386,,46.7452,436.7257,406.7443,7.0996,
TSLA,2024-10-17,221.59,222.08,217.9,220.89,50791784,241.8765,233.3741,,44.9651,270.8751,212.8779,10.0418,
